{"cameraMode":{"drawMode":0,"name":"Shaded","section":"Shading Mode"},"sceneLighting":false,"audioPlay":false,"sceneViewState":{"m_AlwaysRefresh":false,"showFog":true,"showSkybox":false,"showFlares":true,"showImageEffects":true,"showParticleSystems":true,"showVisualEffectGraphs":true,"m_FxEnabled":false},"in2DMode":false,"pivot":{"x":5.165090084075928,"y":19.951597213745118,"z":52.71461486816406},"rotation":{"x":0.0015005185268819333,"y":0.01618647575378418,"z":-0.00002323897206224501,"w":0.9998986124992371},"size":70.71078491210938,"orthographic":false}