{"cameraMode":{"drawMode":0,"name":"Shaded","section":"Shading Mode"},"sceneLighting":true,"audioPlay":false,"sceneViewState":{"m_AlwaysRefresh":false,"showFog":true,"showSkybox":true,"showFlares":true,"showImageEffects":true,"showParticleSystems":true,"showVisualEffectGraphs":true,"m_FxEnabled":false},"in2DMode":false,"pivot":{"x":10.75126838684082,"y":1.3683323860168458,"z":401.4703674316406},"rotation":{"x":0.12108710408210755,"y":0.043166112154722217,"z":-0.005269062705338001,"w":0.991694450378418},"size":12.674440383911133,"orthographic":false}