{"cameraMode":{"drawMode":0,"name":"Shaded","section":"Shading Mode"},"sceneLighting":true,"audioPlay":false,"sceneViewState":{"m_AlwaysRefresh":false,"showFog":true,"showSkybox":true,"showFlares":true,"showImageEffects":true,"showParticleSystems":true,"showVisualEffectGraphs":true,"m_FxEnabled":false},"in2DMode":false,"pivot":{"x":-27.215118408203126,"y":4.305696964263916,"z":3.3983516693115236},"rotation":{"x":0.021917030215263368,"y":0.40737050771713259,"z":-0.009777980856597424,"w":0.9129850268363953},"size":8.731358528137207,"orthographic":false}