{"cameraMode":{"drawMode":0,"name":"Shaded","section":"Shading Mode"},"sceneLighting":true,"audioPlay":false,"sceneViewState":{"m_AlwaysRefresh":false,"showFog":true,"showSkybox":true,"showFlares":true,"showImageEffects":true,"showParticleSystems":true,"showVisualEffectGraphs":true,"m_FxEnabled":false},"in2DMode":false,"pivot":{"x":44.5959587097168,"y":37.99452590942383,"z":56.95192337036133},"rotation":{"x":0.025498559698462487,"y":-0.0033122929744422437,"z":0.00008560680726077408,"w":0.9997001886367798},"size":92.88420104980469,"orthographic":false}