{"cameraMode":{"drawMode":0,"name":"Shaded","section":"Shading Mode"},"sceneLighting":true,"audioPlay":false,"sceneViewState":{"m_AlwaysRefresh":false,"showFog":true,"showSkybox":true,"showFlares":true,"showImageEffects":true,"showParticleSystems":true,"showVisualEffectGraphs":true,"m_FxEnabled":false},"in2DMode":false,"pivot":{"x":169.57041931152345,"y":1.8016064167022706,"z":-2.4705870151519777},"rotation":{"x":0.22173577547073365,"y":0.1542869508266449,"z":-0.03555615246295929,"w":0.9621671438217163},"size":3.7572388648986818,"orthographic":false}