{"cameraMode":{"drawMode":0,"name":"Shaded","section":"Shading Mode"},"sceneLighting":true,"audioPlay":false,"sceneViewState":{"m_AlwaysRefresh":false,"showFog":true,"showSkybox":true,"showFlares":true,"showImageEffects":true,"showParticleSystems":true,"showVisualEffectGraphs":true,"m_FxEnabled":false},"in2DMode":false,"pivot":{"x":631.6339111328125,"y":3.091726303100586,"z":657.0670776367188},"rotation":{"x":0.07052541524171829,"y":0.33696141839027407,"z":-0.025319086387753488,"w":0.9385635256767273},"size":2.8395957946777345,"orthographic":false}