{"cameraMode":{"drawMode":0,"name":"Shaded","section":"Shading Mode"},"sceneLighting":true,"audioPlay":false,"sceneViewState":{"m_AlwaysRefresh":false,"showFog":true,"showSkybox":true,"showFlares":true,"showImageEffects":true,"showParticleSystems":true,"showVisualEffectGraphs":true,"m_FxEnabled":false},"in2DMode":false,"pivot":{"x":1.3955233097076417,"y":4.418463706970215,"z":-18.780179977416993},"rotation":{"x":-0.04564904794096947,"y":-0.18916890025138856,"z":-0.008772184140980244,"w":0.9808993935585022},"size":2.8572421073913576,"orthographic":false}