{"cameraMode":{"drawMode":0,"name":"Shaded","section":"Shading Mode"},"sceneLighting":true,"audioPlay":false,"sceneViewState":{"m_AlwaysRefresh":false,"showFog":true,"showSkybox":true,"showFlares":true,"showImageEffects":true,"showParticleSystems":true,"showVisualEffectGraphs":true,"m_FxEnabled":false},"in2DMode":false,"pivot":{"x":60.986228942871097,"y":-9.891453742980957,"z":68.3382797241211},"rotation":{"x":0.05533326417207718,"y":0.39744335412979128,"z":-0.023898376151919366,"w":0.9156582951545715},"size":58.816497802734378,"orthographic":false}