{"cameraMode":{"drawMode":0,"name":"Shaded","section":"Shading Mode"},"sceneLighting":true,"audioPlay":false,"sceneViewState":{"m_AlwaysRefresh":false,"showFog":true,"showSkybox":true,"showFlares":true,"showImageEffects":true,"showParticleSystems":true,"showVisualEffectGraphs":true,"m_FxEnabled":false},"in2DMode":false,"pivot":{"x":-10.073387145996094,"y":2.1627461910247804,"z":117.92555236816406},"rotation":{"x":-0.006739498116075993,"y":-0.8942998647689819,"z":-0.013399424962699414,"w":0.44731321930885317},"size":3.1509790420532228,"orthographic":false}