{"cameraMode":{"drawMode":0,"name":"Shaded","section":"Shading Mode"},"sceneLighting":true,"audioPlay":false,"sceneViewState":{"m_AlwaysRefresh":false,"showFog":true,"showSkybox":true,"showFlares":true,"showImageEffects":true,"showParticleSystems":true,"showVisualEffectGraphs":true,"m_FxEnabled":false},"in2DMode":false,"pivot":{"x":-4.179387092590332,"y":-3.1618435382843019,"z":12.951709747314454},"rotation":{"x":0.12635713815689088,"y":0.2858599126338959,"z":-0.037951961159706119,"w":0.9492242932319641},"size":13.315792083740235,"orthographic":false}