{"cameraMode":{"drawMode":0,"name":"Shaded","section":"Shading Mode"},"sceneLighting":true,"audioPlay":false,"sceneViewState":{"m_AlwaysRefresh":false,"showFog":true,"showSkybox":true,"showFlares":true,"showImageEffects":true,"showParticleSystems":true,"showVisualEffectGraphs":true,"m_FxEnabled":false},"in2DMode":false,"pivot":{"x":24.888404846191408,"y":2.1576004028320314,"z":-13.242039680480957},"rotation":{"x":0.18726634979248048,"y":-0.14527851343154908,"z":0.02801521308720112,"w":0.9711048603057861},"size":11.438233375549317,"orthographic":false}