{"cameraMode":{"drawMode":0,"name":"Shaded","section":"Shading Mode"},"sceneLighting":true,"audioPlay":false,"sceneViewState":{"m_AlwaysRefresh":false,"showFog":true,"showSkybox":true,"showFlares":true,"showImageEffects":true,"showParticleSystems":true,"showVisualEffectGraphs":true,"m_FxEnabled":false},"in2DMode":false,"pivot":{"x":-8.59196662902832,"y":4.794075965881348,"z":38.775733947753909},"rotation":{"x":0.021591871976852418,"y":0.28079384565353396,"z":-0.006325495429337025,"w":0.959534764289856},"size":2.8320109844207765,"orthographic":false}