{"cameraMode":{"drawMode":0,"name":"Shaded","section":"Shading Mode"},"sceneLighting":true,"audioPlay":false,"sceneViewState":{"m_AlwaysRefresh":false,"showFog":true,"showSkybox":true,"showFlares":true,"showImageEffects":true,"showParticleSystems":true,"showVisualEffectGraphs":true,"m_FxEnabled":false},"in2DMode":false,"pivot":{"x":49.405879974365237,"y":2.6821556091308595,"z":-0.7799091339111328},"rotation":{"x":0.15390661358833314,"y":0.38547834753990176,"z":-0.06537678837776184,"w":0.9074717164039612},"size":22.360902786254884,"orthographic":false}