{"cameraMode":{"drawMode":0,"name":"Shaded","section":"Shading Mode"},"sceneLighting":true,"audioPlay":false,"sceneViewState":{"m_AlwaysRefresh":false,"showFog":true,"showSkybox":true,"showFlares":true,"showImageEffects":true,"showParticleSystems":true,"showVisualEffectGraphs":true,"m_FxEnabled":false},"in2DMode":false,"pivot":{"x":-1.323509693145752,"y":1.5925854444503785,"z":136.74664306640626},"rotation":{"x":-0.0628567710518837,"y":-0.057171113789081576,"z":-0.0035990301985293628,"w":0.9964101314544678},"size":2.8762667179107668,"orthographic":false}