{"cameraMode":{"drawMode":0,"name":"Shaded","section":"Shading Mode"},"sceneLighting":true,"audioPlay":false,"sceneViewState":{"m_AlwaysRefresh":false,"showFog":true,"showSkybox":true,"showFlares":true,"showImageEffects":true,"showParticleSystems":true,"showVisualEffectGraphs":true,"m_FxEnabled":false},"in2DMode":false,"pivot":{"x":2.606971025466919,"y":1.4774740934371949,"z":-12.872675895690918},"rotation":{"x":-0.11192279309034348,"y":0.2370029091835022,"z":-0.027484815567731859,"w":-0.964684784412384},"size":2.8320095539093019,"orthographic":false}