{"cameraMode":{"drawMode":0,"name":"Shaded","section":"Shading Mode"},"sceneLighting":true,"audioPlay":false,"sceneViewState":{"m_AlwaysRefresh":false,"showFog":true,"showSkybox":true,"showFlares":true,"showImageEffects":true,"showParticleSystems":true,"showVisualEffectGraphs":true,"m_FxEnabled":false},"in2DMode":false,"pivot":{"x":285.3121643066406,"y":40.7144660949707,"z":1036.671630859375},"rotation":{"x":-0.06894806027412415,"y":0.003894756780937314,"z":-0.00026592868380248547,"w":-0.9976490139961243},"size":400.0006103515625,"orthographic":false}