{"cameraMode":{"drawMode":0,"name":"Shaded","section":"Shading Mode"},"sceneLighting":true,"audioPlay":false,"sceneViewState":{"m_AlwaysRefresh":false,"showFog":true,"showSkybox":true,"showFlares":true,"showImageEffects":true,"showParticleSystems":true,"showVisualEffectGraphs":true,"m_FxEnabled":false},"in2DMode":false,"pivot":{"x":7.977763652801514,"y":1.0226023197174073,"z":11.22220230102539},"rotation":{"x":0.00042327094706706703,"y":-0.9973205924034119,"z":-0.07343422621488571,"w":-0.005691304802894592},"size":1.0581640005111695,"orthographic":false}