{"cameraMode":{"drawMode":0,"name":"Shaded","section":"Shading Mode"},"sceneLighting":false,"audioPlay":false,"sceneViewState":{"m_AlwaysRefresh":false,"showFog":true,"showSkybox":false,"showFlares":true,"showImageEffects":true,"showParticleSystems":true,"showVisualEffectGraphs":true,"m_FxEnabled":false},"in2DMode":false,"pivot":{"x":-0.012328237295150757,"y":0.8231795430183411,"z":0.04382339119911194},"rotation":{"x":-0.0022093215957283975,"y":0.9828299283981323,"z":-0.011795947328209877,"w":-0.1843237727880478},"size":1.1019928455352784,"orthographic":false}