{"cameraMode":{"drawMode":0,"name":"Shaded","section":"Shading Mode"},"sceneLighting":false,"audioPlay":false,"sceneViewState":{"m_AlwaysRefresh":false,"showFog":true,"showSkybox":false,"showFlares":true,"showImageEffects":true,"showParticleSystems":true,"showVisualEffectGraphs":true,"m_FxEnabled":false},"in2DMode":false,"pivot":{"x":16.71680450439453,"y":-58.41482162475586,"z":64.80462646484375},"rotation":{"x":-0.3620977997779846,"y":0.0008378782076761127,"z":-0.0003418490814510733,"w":-0.9321860074996948},"size":95.83827209472656,"orthographic":false}