{"cameraMode":{"drawMode":0,"name":"Shaded","section":"Shading Mode"},"sceneLighting":false,"audioPlay":false,"sceneViewState":{"m_AlwaysRefresh":false,"showFog":true,"showSkybox":false,"showFlares":true,"showImageEffects":true,"showParticleSystems":true,"showVisualEffectGraphs":true,"m_FxEnabled":false},"in2DMode":false,"pivot":{"x":48.964088439941409,"y":29.95215606689453,"z":-360.23321533203127},"rotation":{"x":0.00480729341506958,"y":-0.9765475392341614,"z":0.21427808701992036,"w":0.021961256861686708},"size":80.6927490234375,"orthographic":false}